genus,species,family,WD (g/cm3),level,source
Abarema,barbouriana,Fabaceae,0.512,genus,genus average
Abarema,macradenia,Fabaceae,0.438,species,local data base
Abarema,idiopoda,Fabaceae,0.512,genus,genus average
Acacia,mangium,Fabaceae,0.507,species, global data base
Acalypha,diversifolia,Euphorbiaceae,0.3,genus,genus average
Acalypha,macrostachya,Euphorbiaceae,0.3,genus,genus average
Acanthocereus,tetragonus,Cactaceae,0.592,stand-level average,
Acidoton,nicaraguensis,Euphorbiaceae,0.592,stand-level average,
Acrocomia,aculeata,Arecaceae,0.592,stand-level average,
Adelia,triloba,Euphorbiaceae,0.574,species,local data base
Adenaria,floribunda,Lythraceae,0.592,stand-level average,
Aegiphila,anomala,Lamiaceae,0.657,genus,genus average
Aegiphila,panamensis,Lamiaceae,0.657,genus,genus average
Agonandra,brasiliensis,Opiliaceae,0.818,species, global data base
Agouticarpa,curviflora,Rubiaceae,0.592,stand-level average,
Agouticarpa,williamsii,Rubiaceae,0.592,stand-level average,
Aiouea,vexatrix,Lauraceae,0.37,genus,genus average
Aiphanes,hirsuta,Arecaceae,0.592,stand-level average,
Albizia,adinocephala,Fabaceae,0.556,genus,genus average
Albizia,niopoides,Fabaceae,0.555,species, global data base
Albizia,procera,Fabaceae,0.573,species,local data base
Alchornea,costaricensis,Euphorbiaceae,0.301,species,local data base
Alchornea,grandis,Euphorbiaceae,0.34,species, global data base
Alchornea,latifolia,Euphorbiaceae,0.425,species,local data base
Alibertia,edulis,Rubiaceae,0.76,species,local data base
Alibertia,dwyeri,Rubiaceae,0.733,genus,genus average
Allenanthus,erythrocarpus,Rubiaceae,0.592,stand-level average,
Allophylus,gentryi,Sapindaceae,0.518,genus,genus average
Allophylus,psilospermus,Sapindaceae,0.518,genus,genus average
Allophylus,racemosus,Sapindaceae,0.518,genus,genus average
Alseis,blackiana,Rubiaceae,0.536,species,local data base
Amaioua,corymbosa,Rubiaceae,0.625,genus,genus average
Amaioua,magnicarpa,Rubiaceae,0.625,genus,genus average
Amaioua,pedicellata,Rubiaceae,0.625,genus,genus average
Amanoa,guianensis,Phyllanthaceae,0.843,species, global data base
Abarema,barbouriana,Fabaceae,0.512,genus,genus average
Abarema,macradenia,Fabaceae,0.438,species,local data base
Abarema,idiopoda,Fabaceae,0.512,genus,genus average
Acacia,mangium,Fabaceae,0.507,species, global data base
Acalypha,diversifolia,Euphorbiaceae,0.3,genus,genus average
Acalypha,macrostachya,Euphorbiaceae,0.3,genus,genus average
Acanthocereus,tetragonus,Cactaceae,0.592,stand-level average,
Acidoton,nicaraguensis,Euphorbiaceae,0.592,stand-level average,
Acrocomia,aculeata,Arecaceae,0.592,stand-level average,
Adelia,triloba,Euphorbiaceae,0.574,species,local data base
Adenaria,floribunda,Lythraceae,0.592,stand-level average,
Aegiphila,anomala,Lamiaceae,0.657,genus,genus average
Aegiphila,panamensis,Lamiaceae,0.657,genus,genus average
Agonandra,brasiliensis,Opiliaceae,0.818,species, global data base
Agouticarpa,curviflora,Rubiaceae,0.592,stand-level average,
Agouticarpa,williamsii,Rubiaceae,0.592,stand-level average,
Aiouea,vexatrix,Lauraceae,0.37,genus,genus average
Aiphanes,hirsuta,Arecaceae,0.592,stand-level average,
Albizia,adinocephala,Fabaceae,0.556,genus,genus average
Albizia,niopoides,Fabaceae,0.555,species, global data base
Albizia,procera,Fabaceae,0.573,species,local data base
Alchornea,costaricensis,Euphorbiaceae,0.301,species,local data base
Alchornea,grandis,Euphorbiaceae,0.34,species, global data base
Alchornea,latifolia,Euphorbiaceae,0.425,species,local data base
Alibertia,edulis,Rubiaceae,0.76,species,local data base
Alibertia,dwyeri,Rubiaceae,0.733,genus,genus average
Allenanthus,erythrocarpus,Rubiaceae,0.592,stand-level average,
Allophylus,gentryi,Sapindaceae,0.518,genus,genus average
Allophylus,psilospermus,Sapindaceae,0.518,genus,genus average
Allophylus,racemosus,Sapindaceae,0.518,genus,genus average
Alseis,blackiana,Rubiaceae,0.536,species,local data base
Amaioua,corymbosa,Rubiaceae,0.625,genus,genus average
Amaioua,magnicarpa,Rubiaceae,0.625,genus,genus average
Amaioua,pedicellata,Rubiaceae,0.625,genus,genus average
Amanoa,guianensis,Phyllanthaceae,0.843,species, global data base
Ampelocera,edentula,Ulmaceae,0.7,species,local data base
Ampelocera,macphersonii,Ulmaceae,0.726,genus,genus average
Amphitecna,latifolia,Bignoniaceae,0.46,genus,genus average
Amphitecna,spathicalyx,Bignoniaceae,0.46,genus,genus average
Amphitecna,isthmica,Bignoniaceae,0.46,genus,genus average
Anacardium,excelsum,Anacardiaceae,0.391,species,local data base
Anacardium,occidentale,Anacardiaceae,0.447,species, global data base
Anaxagorea,allenii,Annonaceae,0.53,genus,genus average
Anaxagorea,panamensis,Annonaceae,0.53,genus,genus average
Anaxagorea,crassipetala,Annonaceae,0.48,species, global data base
Andira,inermis,Fabaceae,0.643,species,local data base
Aniba,hostmanniana,Lauraceae,0.619,species,local data base
Annona,acuminata,Annonaceae,0.524,genus,genus average
Annona,cherimola,Annonaceae,0.524,genus,genus average
Annona,glabra,Annonaceae,0.5,species, global data base
Annona,hayesii,Annonaceae,0.524,genus,genus average
Annona,montana,Annonaceae,0.524,genus,genus average
Annona,muricata,Annonaceae,0.36,species, global data base
Annona,pittieri,Annonaceae,0.524,genus,genus average
Annona,purpurea,Annonaceae,0.57,species,local data base
Annona,reticulata,Annonaceae,0.55,species, global data base
Annona,spraguei,Annonaceae,0.559,species,local data base
Annona,mucosa,Annonaceae,0.524,genus,genus average
Annona,papilionella,Annonaceae,0.524,genus,genus average
Apeiba,hybrid,Malvaceae,0.255,genus,genus average
Apeiba,tibourbou,Malvaceae,0.2,species,local data base
Apeiba,membranacea,Malvaceae,0.255,genus,genus average
Aphelandra,campanensis,Acanthaceae,0.592,stand-level average,
Aphelandra,gracilis,Acanthaceae,0.592,stand-level average,
Aphelandra,scabra,Acanthaceae,0.592,stand-level average,
Aphelandra,sinclairiana,Acanthaceae,0.592,stand-level average,
Appunia,seibertii,Rubiaceae,0.592,stand-level average,
Arachnothryx,buddleioides,Rubiaceae,0.56,species, global data base
Ardisia,bartlettii,Primulaceae,0.591,genus,genus average
Ardisia,dukei,Primulaceae,0.591,genus,genus average
Ardisia,glomerata,Primulaceae,0.591,genus,genus average
Ardisia,guianensis,Primulaceae,0.62,species,local data base
Ardisia,opegrapha,Primulaceae,0.591,genus,genus average
Ardisia,revoluta,Primulaceae,0.591,genus,genus average
Ardisia,solanacea,Primulaceae,0.62,species, global data base
Ardisia,standleyana,Primulaceae,0.591,genus,genus average
Ardisia,compressa,Primulaceae,0.591,genus,genus average
Artocarpus,altilis,Moraceae,0.431,species,local data base
Aspidosperma,desmanthum,Apocynaceae,0.61,species, global data base
Aspidosperma,excelsum,Apocynaceae,0.792,species, global data base
Astrocaryum,alatum,Arecaceae,0.508,genus,genus average
Astrocaryum,standleyanum,Arecaceae,0.508,genus,genus average
Astronium,graveolens,Anacardiaceae,0.868,species,local data base
Attalea,rostrata,Arecaceae,0.326,genus,genus average
Avicennia,bicolor,Acanthaceae,0.685,genus,genus average
Avicennia,germinans,Acanthaceae,0.776,species, global data base
Bactris,barronis,Arecaceae,0.592,stand-level average,
Bactris,coloniata,Arecaceae,0.592,stand-level average,
Bactris,coloradonis,Arecaceae,0.592,stand-level average,
Bactris,gasipaes,Arecaceae,0.592,stand-level average,
Bactris,major,Arecaceae,0.592,stand-level average,
Bactris,maraja,Arecaceae,0.592,stand-level average,
Bactris,panamensis,Arecaceae,0.592,stand-level average,
Banara,guianensis,Salicaceae,0.61,species,local data base
Bauhinia,ungulata,Fabaceae,0.755,genus,genus average
Beilschmiedia,sulcata,Lauraceae,0.563,genus,genus average
Beilschmiedia,aff.tilaranensis,Lauraceae,0.563,genus,genus average
Beilschmiedia,tovarensis,Lauraceae,0.563,genus,genus average
Bellucia,pentamera,Melastomataceae,0.485,species,local data base
Bertiera,guianensis,Rubiaceae,0.592,stand-level average,
Besleria,formicaria,Gesneriaceae,0.592,stand-level average,
Besleria,robusta,Gesneriaceae,0.592,stand-level average,
Billia,rosea,Sapindaceae,0.69,genus,genus average
Bixa,orellana,Bixaceae,0.36,species, global data base
Blighia,sapida,Sapindaceae,0.762,species, global data base
Bocconia,frutescens,Papaveraceae,0.592,stand-level average,
Bonellia,macrocarpa,Primulaceae,0.592,stand-level average,
Bourreria,costaricensis,Boraginaceae,0.73,genus,genus average
Brosimum,alicastrum,Moraceae,0.6,species,local data base
Brosimum,costaricanum,Moraceae,0.665,species,local data base
Brosimum,guianense,Moraceae,0.844,species,local data base
Brosimum,lactescens,Moraceae,0.656,species,local data base
Brosimum,rubescens,Moraceae,0.825,species, global data base
Brosimum,utile,Moraceae,0.506,species,local data base
Brownea,macrophylla,Fabaceae,1.21,genus,genus average
Buchenavia,tetraphylla,Combretaceae,0.617,species, global data base
Bunchosia,dwyeri,Malpighiaceae,0.695,genus,genus average
Bunchosia,macrophylla,Malpighiaceae,0.695,genus,genus average
Bunchosia,nitida,Malpighiaceae,0.695,genus,genus average
Bunchosia,odorata,Malpighiaceae,0.695,genus,genus average
Bursera,simaruba,Burseraceae,0.305,species,local data base
Bursera,tomentosa,Burseraceae,0.311,genus,genus average
Byrsonima,crassifolia,Malpighiaceae,0.586,species,local data base
Byrsonima,crispa,Malpighiaceae,0.58,species,local data base
Byrsonima,dressleri,Malpighiaceae,0.649,genus,genus average
Byrsonima,spicata,Malpighiaceae,0.614,species,local data base
Calatola,costaricensis,Icacinaceae,0.566,species,local data base
Calliandra,laxa,Fabaceae,0.816,genus,genus average
Calliandra,aff.grandifolia,Fabaceae,0.816,genus,genus average
Callicarpa,acuminata,Lamiaceae,0.35,genus,genus average
Calophyllum,brasiliense,Calophyllaceae,0.589,species,local data base
Calophyllum,inophyllum,Calophyllaceae,0.585,species, global data base
Calophyllum,longifolium,Calophyllaceae,0.542,species,local data base
Calycolpus,warszewiczianus,Myrtaceae,0.8,genus,genus average
Calycophyllum,candidissimum,Rubiaceae,0.702,species,local data base
Calyptranthes,chytraculia,Myrtaceae,0.783,genus,genus average
Calyptranthes,pulchella,Myrtaceae,0.783,genus,genus average
Calyptranthes,tumidonodia,Myrtaceae,0.783,genus,genus average
Calyptrogyne,costatifrons,Arecaceae,0.592,stand-level average,
Campnosperma,panamense,Anacardiaceae,0.376,genus,genus average
Capparidastrum,frondosum,Capparaceae,0.592,stand-level average,
Capparidastrum,discolor,Capparaceae,0.592,stand-level average,
Capparidastrum,aff.osmanthum,Capparaceae,0.592,stand-level average,
Carapa,guianensis,Meliaceae,0.53,species,local data base
Carica,papaya,Caricaceae,0.188,genus,genus average
Caryodaphnopsis,burgeri,Lauraceae,0.592,stand-level average,
Caryodaphnopsis,tomentosa,Lauraceae,0.592,stand-level average,
Casearia,aculeata,Salicaceae,0.66,species,local data base
Casearia,arguta,Salicaceae,0.517,species,local data base
Casearia,commersoniana,Salicaceae,0.621,genus,genus average
Casearia,coronata,Salicaceae,0.621,genus,genus average
Casearia,corymbosa,Salicaceae,0.621,genus,genus average
Casearia,guianensis,Salicaceae,0.742,species,local data base
Casearia,nigricans,Salicaceae,0.621,genus,genus average
Casearia,sylvestris,Salicaceae,0.705,species,local data base
Casearia,arborea,Salicaceae,0.574,species,local data base
Cassia,grandis,Fabaceae,0.736,genus,genus average
Cassia,moschata,Fabaceae,0.805,species,local data base
Cassipourea,enana,Rhizophoraceae,0.65,genus,genus average
Cassipourea,hoja_grande,Rhizophoraceae,0.65,genus,genus average
Cassipourea,elliptica,Rhizophoraceae,0.65,genus,genus average
Castilla,elastica,Moraceae,0.524,species,local data base
Cavanillesia,platanifolia,Malvaceae,0.36,species,local data base
Cecropia,garciae,Urticaceae,0.34,genus,genus average
Cecropia,heterochroma,Urticaceae,0.34,genus,genus average
Cecropia,insignis,Urticaceae,0.318,species,local data base
Cecropia,longipes,Urticaceae,0.34,genus,genus average
Cecropia,obtusifolia,Urticaceae,0.307,species,local data base
Cecropia,peltata,Urticaceae,0.3,species,local data base
Cecropia,hispidissima,Urticaceae,0.34,genus,genus average
Cedrela,fissilis,Meliaceae,0.467,species, global data base
Cedrela,odorata,Meliaceae,0.447,species,local data base
Ceiba,pentandra,Malvaceae,0.305,species,local data base
Celtis,schippii,Cannabaceae,0.616,species,local data base
Centropogon,tortilis,Campanulaceae,0.592,stand-level average,
Cespedesia,spathulata,Ochnaceae,0.613,species,local data base
Cestrum,latifolium,Solanaceae,0.592,stand-level average,
Cestrum,racemosum,Solanaceae,0.592,stand-level average,
Cestrum,schlechtendahlii,Solanaceae,0.592,stand-level average,
Chamaedorea,pinnatifrons,Arecaceae,0.592,stand-level average,
Chamaedorea,tepejilote,Arecaceae,0.592,stand-level average,
Chamguava,schippii,Myrtaceae,0.592,stand-level average,
Cheiloclinium,cognatum,Celastraceae,0.592,stand-level average,
Chimarrhis,parviflora,Rubiaceae,0.707,genus,genus average
Chimarrhis,latifolia,Rubiaceae,0.707,genus,genus average
Chionanthus,panamensis,Oleaceae,0.68,genus,genus average
Chloroleucon,mangense,Fabaceae,0.99,species, global data base
Chomelia,spinosa,Rubiaceae,0.53,species,local data base
Chromolucuma,aff.rubriflora,Sapotaceae,0.73,genus,genus average
Chrysobalanus,icaco,Chrysobalanaceae,0.753,species, global data base
Chrysochlamys,eclipes,Clusiaceae,0.43,genus,genus average
Chrysochlamys,glauca,Clusiaceae,0.43,genus,genus average
Chrysochlamys,grandifolia,Clusiaceae,0.43,genus,genus average
Chrysophyllum,brenesii,Sapotaceae,0.665,genus,genus average
Chrysophyllum,cainito,Sapotaceae,0.655,species,local data base
Chrysophyllum,colombianum,Sapotaceae,0.665,genus,genus average
Chrysophyllum,hirsutum,Sapotaceae,0.665,genus,genus average
Chrysophyllum,venezuelanense,Sapotaceae,0.665,genus,genus average
Chrysophyllum,argenteum,Sapotaceae,0.777,species,local data base
Cinnamomum,triplinerve,Lauraceae,0.467,genus,genus average
Cinnamomum,tonduzii,Lauraceae,0.467,genus,genus average
Citharexylum,caudatum,Verbenaceae,0.667,genus,genus average
Citrus,sinensis,Rutaceae,0.78,species,local data base
Clarisia,biflora,Moraceae,0.498,species,local data base
Clarisia,racemosa,Moraceae,0.585,species,local data base
Clavija,biborrana,Primulaceae,0.592,stand-level average,
Clavija,costaricana,Primulaceae,0.592,stand-level average,
Clavija,mezii,Primulaceae,0.592,stand-level average,
Clethra,mexicana,Clethraceae,0.55,species, global data base
Clidemia,crenulata,Melastomataceae,0.592,stand-level average,
Clidemia,densiflora,Melastomataceae,0.592,stand-level average,
Clidemia,dentata,Melastomataceae,0.592,stand-level average,
Clidemia,hammelii,Melastomataceae,0.592,stand-level average,
Clidemia,octona,Melastomataceae,0.592,stand-level average,
Clidemia,septuplinervia,Melastomataceae,0.592,stand-level average,
Clidemia,discolor,Melastomataceae,0.592,stand-level average,
Clitoria,glaberrima,Fabaceae,0.592,stand-level average,
Clusia,cretosa,Clusiaceae,0.676,genus,genus average
Clusia,divaricata,Clusiaceae,0.676,genus,genus average
Clusia,pratensis,Clusiaceae,0.676,genus,genus average
Clusia,rosea,Clusiaceae,0.605,species, global data base
Clusia,stenophylla,Clusiaceae,0.676,genus,genus average
Cnidoscolus,urens,Euphorbiaceae,0.427,genus,genus average
Coccoloba,acuminata,Polygonaceae,0.58,species, global data base
Coccoloba,ascendens,Polygonaceae,0.687,genus,genus average
Coccoloba,caracasana,Polygonaceae,0.43,species, global data base
Coccoloba,coronata,Polygonaceae,0.687,genus,genus average
Coccoloba,johnstonii,Polygonaceae,0.687,genus,genus average
Coccoloba,lasseri,Polygonaceae,0.687,genus,genus average
Coccoloba,manzinellensis,Polygonaceae,0.687,genus,genus average
Coccoloba,mollis,Polygonaceae,0.675,species,local data base
Coccoloba,padiformis,Polygonaceae,0.8,species,local data base
Coccoloba,tuerckheimii,Polygonaceae,0.687,genus,genus average
Coccoloba,uvifera,Polygonaceae,0.7,species, global data base
Coccoloba,obovata,Polygonaceae,0.687,genus,genus average
Cochlospermum,vitifolium,Bixaceae,0.218,species, global data base
Cocos,nucifera,Arecaceae,0.592,stand-level average,
Coffea,arabica,Rubiaceae,0.62,species, global data base
Cojoba,hoja_grande,Fabaceae,0.592,stand-level average,
Cojoba,rufescens,Fabaceae,0.592,stand-level average,
Colpothrinax,aphanopetala,Arecaceae,0.592,stand-level average,
Colubrina,glandulosa,Rhamnaceae,0.739,species,local data base
Colubrina,heteroneura,Rhamnaceae,0.97,species,local data base
Colubrina,spinosa,Rhamnaceae,0.495,species, global data base
Compsoneura,rigidifolia,Myristicaceae,0.592,stand-level average,
Compsoneura,mexicana,Myristicaceae,0.592,stand-level average,
Conceveiba,pleiostemona,Euphorbiaceae,0.266,species,local data base
Conchocarpus,nicaraguensis,Rutaceae,0.592,stand-level average,
Condaminea,corymbosa,Rubiaceae,0.592,stand-level average,
Conocarpus,erectus,Combretaceae,0.845,species, global data base
Conostegia,bracteata,Melastomataceae,0.592,stand-level average,
Conostegia,cinnamomea,Melastomataceae,0.592,stand-level average,
Conostegia,cuatrecasii,Melastomataceae,0.592,stand-level average,
Conostegia,rufescens,Melastomataceae,0.592,stand-level average,
Conostegia,speciosa,Melastomataceae,0.592,stand-level average,
Conostegia,xalapensis,Melastomataceae,0.592,stand-level average,
Conostegia,montana,Melastomataceae,0.592,stand-level average,
Copaifera,aromatica,Fabaceae,0.62,species,local data base
Cordia,alliodora,Boraginaceae,0.52,species,local data base
Cordia,bicolor,Boraginaceae,0.475,species,local data base
Cordia,collococca,Boraginaceae,0.42,species, global data base
Cordia,cymosa,Boraginaceae,0.538,genus,genus average
Cordia,dentata,Boraginaceae,0.5,species, global data base
Cordia,eriostigma,Boraginaceae,0.538,genus,genus average
Cordia,lasiocalyx,Boraginaceae,0.397,species,local data base
Cordia,lucidula,Boraginaceae,0.538,genus,genus average
Cordia,megalantha,Boraginaceae,0.39,species, global data base
Cordia,panamensis,Boraginaceae,0.33,species,local data base
Cordia,porcata,Boraginaceae,0.538,genus,genus average
Cordia,dwyeri,Boraginaceae,0.538,genus,genus average
Cordia,correae,Boraginaceae,0.538,genus,genus average
Cordiera,garapatica,Rubiaceae,0.592,stand-level average,
Cornutia,pyramidata,Lamiaceae,0.6,genus,genus average
Cosmibuena,macrocarpa,Rubiaceae,0.592,stand-level average,
Couepia,chocolate,Chrysobalanaceae,0.798,genus,genus average
Couratari,guianensis,Lecythidaceae,0.507,species,local data base
Coussarea,cerroazulensis,Rubiaceae,0.618,genus,genus average
Coussarea,curvigemmia,Rubiaceae,0.618,genus,genus average
Coussarea,latifolia,Rubiaceae,0.618,genus,genus average
Coussarea,loftonii,Rubiaceae,0.618,genus,genus average
Coutarea,hexandra,Rubiaceae,0.6,species,local data base
Crateva,tapia,Capparaceae,0.519,species,local data base
Cremastosperma,panamense,Annonaceae,0.592,stand-level average,
Crescentia,cujete,Bignoniaceae,0.634,species, global data base
Crossopetalum,parviflorum,Celastraceae,0.592,stand-level average,
Croton,billbergianus,Euphorbiaceae,0.51,genus,genus average
Croton,draco,Euphorbiaceae,0.51,genus,genus average
Croton,pachypodus,Euphorbiaceae,0.51,genus,genus average
Croton,schiedeanus,Euphorbiaceae,0.51,genus,genus average
Croton,smithianus,Euphorbiaceae,0.51,genus,genus average
Croton,matourensis,Euphorbiaceae,0.388,species, global data base
Crudia,acuminata,Fabaceae,0.777,genus,genus average
Cryosophila,warscewiczii,Arecaceae,0.4,species,local data base
Cryptocarya,panamensis,Lauraceae,0.561,genus,genus average
Cupania,cinerea,Sapindaceae,0.5,species,local data base
Cupania,guatemalensis,Sapindaceae,0.688,species,local data base
Cupania,latifolia,Sapindaceae,0.618,genus,genus average
Cupania,rufescens,Sapindaceae,0.618,genus,genus average
Cupania,scrobiculata,Sapindaceae,0.628,species,local data base
Cupania,seemannii,Sapindaceae,0.618,genus,genus average
Curatella,americana,Dilleniaceae,0.65,species, global data base
Cyathea,multiflora,Cyatheaceae,0.592,stand-level average,
Cyathea,petiolata,Cyatheaceae,0.592,stand-level average,
Cybianthus,schlimii,Primulaceae,0.593,genus,genus average
Cymbopetalum,lanugipetalum,Annonaceae,0.552,genus,genus average
Cymbopetalum,costaricense,Annonaceae,0.552,genus,genus average
Cynometra,bauhiniifolia,Fabaceae,0.812,genus,genus average
Cynophalla,flexuosa,Capparaceae,0.592,stand-level average,
Cynophalla,verrucosa,Capparaceae,0.592,stand-level average,
Cyrilla,racemiflora,Cyrillaceae,0.59,species, global data base
Dalbergia,retusa,Fabaceae,0.863,species,local data base
Damburneya,umbrosa,Lauraceae,0.592,stand-level average,
Damburneya,martinicensis,Lauraceae,0.592,stand-level average,
Daphnopsis,americana,Thymelaeaceae,0.52,genus,genus average
Daphnopsis,correae,Thymelaeaceae,0.52,genus,genus average
Delonix,regia,Fabaceae,0.579,species, global data base
Dendropanax,sessiliflorus,Araliaceae,0.42,genus,genus average
Dendropanax,arboreus,Araliaceae,0.42,species,local data base
Dendropanax,punctatus,Araliaceae,0.42,genus,genus average
Dendropanax,globosus,Araliaceae,0.42,genus,genus average
Desmopsis,maxonii,Annonaceae,0.764,genus,genus average
Desmopsis,panamensis,Annonaceae,0.764,species,local data base
Dialium,guianense,Fabaceae,0.896,species,local data base
Dichapetalum,axillare,Dichapetalaceae,0.761,genus,genus average
Dilodendron,costaricense,Sapindaceae,0.592,stand-level average,
Diospyros,artanthifolia,Ebenaceae,0.683,genus,genus average
Diphysa,americana,Fabaceae,1.08,genus,genus average
Diplotropis,purpurea,Fabaceae,0.762,species, global data base
Dipteryx,oleifera,Fabaceae,0.848,species,local data base
Discophora,guianensis,Stemonuraceae,0.56,species,local data base
Drypetes,standleyi,Putranjivaceae,0.675,species,local data base
Drypetes,coba,Putranjivaceae,0.695,genus,genus average
Drypetes,aff.amazonica,Putranjivaceae,0.695,genus,genus average
Duguetia,confusa,Annonaceae,0.729,genus,genus average
Duguetia,panamensis,Annonaceae,0.729,genus,genus average
Dussia,atropurpurea,Fabaceae,0.553,genus,genus average
Dussia,macroprophyllata,Fabaceae,0.563,species,local data base
Dussia,tessmannii,Fabaceae,0.553,genus,genus average
Dystovomita,paniculata,Clusiaceae,0.592,stand-level average,
Ecclinusa,lanceolata,Sapotaceae,0.58,species,local data base
Elaeagia,auriculata,Rubiaceae,0.592,stand-level average,
Elaeagia,nitidifolia,Rubiaceae,0.592,stand-level average,
Elaeis,oleifera,Arecaceae,0.592,stand-level average,
Endlicheria,browniana,Lauraceae,0.495,genus,genus average
Enterolobium,cyclocarpum,Fabaceae,0.391,species,local data base
Enterolobium,schomburgkii,Fabaceae,0.699,species,local data base
Erblichia,odorata,Passifloraceae,0.592,stand-level average,
Erisma,blancoa,Vochysiaceae,0.571,genus,genus average
Erythrina,costaricensis,Fabaceae,0.289,genus,genus average
Erythrina,fusca,Fabaceae,0.299,species, global data base
Erythrina,poeppigiana,Fabaceae,0.305,species, global data base
Erythrina,rubrinervia,Fabaceae,0.289,genus,genus average
Erythroxylum,citrifolium,Erythroxylaceae,0.71,species,local data base
Erythroxylum,panamense,Erythroxylaceae,0.79,genus,genus average
Erythroxylum,macrophyllum,Erythroxylaceae,0.71,species,local data base
Eschweilera,amplexifolia,Lecythidaceae,0.825,genus,genus average
Eschweilera,calyculata,Lecythidaceae,0.825,genus,genus average
Eschweilera,jacquelyniae,Lecythidaceae,0.825,genus,genus average
Eschweilera,pittieri,Lecythidaceae,0.86,species,local data base
Eschweilera,sessilis,Lecythidaceae,0.825,genus,genus average
Eschweilera,panamensis,Lecythidaceae,0.825,genus,genus average
Eschweilera,aff.compressa,Lecythidaceae,0.825,genus,genus average
Esenbeckia,panamensis,Rutaceae,1.077,genus,genus average
Eugenia,coloradoensis,Myrtaceae,0.721,genus,genus average
Eugenia,cricamolensis,Myrtaceae,0.721,genus,genus average
Eugenia,galalonensis,Myrtaceae,0.721,genus,genus average
Eugenia,nesiotica,Myrtaceae,0.721,genus,genus average
Eugenia,oerstediana,Myrtaceae,0.721,genus,genus average
Eugenia,venezuelensis,Myrtaceae,0.82,species,local data base
Eugenia,principium,Myrtaceae,0.721,genus,genus average
Eugenia,austin-smithii,Myrtaceae,0.721,genus,genus average
Eugenia,octopleura,Myrtaceae,0.721,genus,genus average
Eugenia,hiraeifolia,Myrtaceae,0.721,genus,genus average
Euphorbia,sinclairiana,Euphorbiaceae,0.457,genus,genus average
Euterpe,precatoria,Arecaceae,0.388,species,local data base
Exostema,mexicanum,Rubiaceae,0.995,genus,genus average
Fairchildia,panamensis,Fabaceae,0.592,stand-level average,
Faramea,eurycarpa,Rubiaceae,0.585,genus,genus average
Faramea,luteovirens,Rubiaceae,0.585,genus,genus average
Faramea,multiflora,Rubiaceae,0.585,genus,genus average
Faramea,occidentalis,Rubiaceae,0.585,species,local data base
Faramea,papillata,Rubiaceae,0.585,genus,genus average
Faramea,papirifolia,Rubiaceae,0.585,genus,genus average
Faramea,suerrensis,Rubiaceae,0.585,genus,genus average
Faramea,coba,Rubiaceae,0.585,genus,genus average
Faramea,parvibractea,Rubiaceae,0.585,genus,genus average
Faramea,calophylla,Rubiaceae,0.585,genus,genus average
Ferdinandusa,panamensis,Rubiaceae,0.725,genus,genus average
Ficus,citrifolia,Moraceae,0.4,species,local data base
Ficus,colubrinae,Moraceae,0.406,genus,genus average
Ficus,costaricana,Moraceae,0.406,genus,genus average
Ficus,insipida,Moraceae,0.377,species,local data base
Ficus,maxima,Moraceae,0.361,species,local data base
Ficus,nymphaeifolia,Moraceae,0.415,species,local data base
Ficus,obtusifolia,Moraceae,0.406,genus,genus average
Ficus,pertusa,Moraceae,0.42,species,local data base
Ficus,popenoei,Moraceae,0.406,genus,genus average
Ficus,tonduzii,Moraceae,0.406,genus,genus average
Ficus,yoponensis,Moraceae,0.406,genus,genus average
Ficus,apollinaris,Moraceae,0.406,genus,genus average
Ficus,brevibracteata,Moraceae,0.406,genus,genus average
Ficus,benjamina,Moraceae,0.459,species, global data base
Ficus,unidentified,Moraceae,0.406,genus,genus average
Ficus,trigonata,Moraceae,0.43,species, global data base
Ficus,matiziana,Moraceae,0.406,genus,genus average
Fissicalyx,fendleri,Fabaceae,0.592,stand-level average,
Flacourtia,jangomas,Salicaceae,0.923,species, global data base
Flemingia,strobilifera,Fabaceae,0.592,stand-level average,
Freziera,calophylla,Pentaphylacaceae,0.58,genus,genus average
Galipea,panamensis,Rutaceae,0.997,genus,genus average
Garcinia,madruno,Clusiaceae,0.727,species,local data base
Garcinia,magnifolia,Clusiaceae,0.742,genus,genus average
Garcinia,recondita,Clusiaceae,0.742,genus,genus average
Genipa,americana,Rubiaceae,0.634,species,local data base
Geonoma,congesta,Arecaceae,0.592,stand-level average,
Geonoma,cuneata,Arecaceae,0.592,stand-level average,
Geonoma,deversa,Arecaceae,0.592,stand-level average,
Geonoma,interrupta,Arecaceae,0.592,stand-level average,
Gliricidia,sepium,Fabaceae,0.618,species, global data base
Gloeospermum,blakeanum,Violaceae,0.592,stand-level average,
Gloeospermum,sphaerocarpum,Violaceae,0.592,stand-level average,
Gloeospermum,eneidense,Violaceae,0.592,stand-level average,
Gmelina,arborea,Lamiaceae,0.43,species,local data base
Godmania,aesculifolia,Bignoniaceae,0.52,species, global data base
Gonzalagunia,panamensis,Rubiaceae,0.592,stand-level average,
Gonzalagunia,rudis,Rubiaceae,0.592,stand-level average,
Gordonia,fruticosa,Theaceae,0.519,species,local data base
Gordonia,brenesii,Theaceae,0.589,genus,genus average
Gossypium,barbadense,Malvaceae,0.68,genus,genus average
Graffenrieda,galeottii,Melastomataceae,0.592,stand-level average,
Grias,cauliflora,Lecythidaceae,0.62,genus,genus average
Guapira,campochagres,Nyctaginaceae,0.671,genus,genus average
Guapira,standleyana,Nyctaginaceae,0.671,genus,genus average
Guapira,costaricana,Nyctaginaceae,0.671,genus,genus average
Guarea,glabra,Meliaceae,0.478,species,local data base
Guarea,arbusto,Meliaceae,0.607,genus,genus average
Guarea,sherman,Meliaceae,0.607,genus,genus average
Guarea,grandifolia,Meliaceae,0.545,species,local data base
Guarea,guidonia,Meliaceae,0.565,species,local data base
Guarea,pterorhachis,Meliaceae,0.77,species,local data base
Guarea,bullata,Meliaceae,0.607,genus,genus average
Guarea,kunthiana,Meliaceae,0.616,species,local data base
Guarea,rhopalocarpa,Meliaceae,0.607,genus,genus average
Guarea,cf.macrophylla,Meliaceae,0.607,genus,genus average
Guarea,hoffmanniana,Meliaceae,0.607,genus,genus average
Guatteria,amplifolia,Annonaceae,0.511,species,local data base
Guatteria,aberrans,Annonaceae,0.577,genus,genus average
Guatteria,alata,Annonaceae,0.577,genus,genus average
Guatteria,allenii,Annonaceae,0.577,genus,genus average
Guatteria,dolichopoda,Annonaceae,0.577,genus,genus average
Guatteria,jefensis,Annonaceae,0.577,genus,genus average
Guatteria,sessilicarpa,Annonaceae,0.577,genus,genus average
Guatteria,lucens,Annonaceae,0.577,genus,genus average
Guatteria,ucayalina,Annonaceae,0.577,genus,genus average
Guazuma,ulmifolia,Malvaceae,0.519,species,local data base
Guettarda,crispiflora,Rubiaceae,0.728,genus,genus average
Guettarda,foliacea,Rubiaceae,0.728,genus,genus average
Guettarda,odorata,Rubiaceae,0.728,genus,genus average
Guettarda,ramuliflora,Rubiaceae,0.728,genus,genus average
Gustavia,dubia,Lecythidaceae,0.638,genus,genus average
Gustavia,fosteri,Lecythidaceae,0.638,genus,genus average
Gustavia,hexapetala,Lecythidaceae,0.716,species, global data base
Gustavia,nana,Lecythidaceae,0.638,genus,genus average
Gustavia,superba,Lecythidaceae,0.58,species,local data base
Gyranthera,darienensis,Malvaceae,0.37,genus,genus average
Hamelia,axillaris,Rubiaceae,0.618,species,local data base
Hamelia,patens,Rubiaceae,0.763,species,local data base
Hampea,appendiculata,Malvaceae,0.245,species,local data base
Hampea,micrantha,Malvaceae,0.318,genus,genus average
Handroanthus,guayacan,Bignoniaceae,0.592,stand-level average,
Handroanthus,impetiginosus,Bignoniaceae,0.592,stand-level average,
Handroanthus,ochraceus,Bignoniaceae,0.592,stand-level average,
Hasseltia,floribunda,Salicaceae,0.53,species,local data base
Hedyosmum,bonplandianum,Chloranthaceae,0.45,genus,genus average
Hedyosmum,scaberrimum,Chloranthaceae,0.45,genus,genus average
Heisteria,acuminata,Olacaceae,0.696,genus,genus average
Heisteria,concinna,Olacaceae,0.64,species,local data base
Heisteria,costaricensis,Olacaceae,0.696,genus,genus average
Helicostylis,tovarensis,Moraceae,0.669,genus,genus average
Helicteres,guazumifolia,Malvaceae,0.592,stand-level average,
Heliocarpus,americanus,Malvaceae,0.221,species, global data base
Henriettea,succosa,Melastomataceae,0.69,genus,genus average
Henriettea,fascicularis,Melastomataceae,0.69,genus,genus average
Henriettea,tuberculosa,Melastomataceae,0.69,genus,genus average
Henriettea,trachyphylla,Melastomataceae,0.69,genus,genus average
Hernandia,didymantha,Hernandiaceae,0.28,species,local data base
Hernandia,stenura,Hernandiaceae,0.292,genus,genus average
Herrania,nycterodendron,Malvaceae,0.592,stand-level average,
Herrania,purpurea,Malvaceae,0.592,stand-level average,
Hevea,brasiliensis,Euphorbiaceae,0.467,species,local data base
Hieronyma,oblonga,Phyllanthaceae,0.592,stand-level average,
Hieronyma,alchorneoides,Phyllanthaceae,0.592,stand-level average,
Hippomane,mancinella,Euphorbiaceae,0.5,species, global data base
Hippotis,panamensis,Rubiaceae,0.592,stand-level average,
Hirtella,americana,Chrysobalanaceae,0.793,genus,genus average
Hirtella,guatemalensis,Chrysobalanaceae,0.793,genus,genus average
Hirtella,latifolia,Chrysobalanaceae,0.793,genus,genus average
Hirtella,racemosa,Chrysobalanaceae,0.775,species,local data base
Hirtella,triandra,Chrysobalanaceae,0.683,species,local data base
Hirtella,tubiflora,Chrysobalanaceae,0.793,genus,genus average
Homalium,racemosum,Salicaceae,0.795,species, global data base
Hortia,brasiliana,Rutaceae,0.901,genus,genus average
Humiriastrum,diguense,Humiriaceae,0.69,genus,genus average
Hura,crepitans,Euphorbiaceae,0.367,species,local data base
Hybanthus,denticulatus,Violaceae,0.67,genus,genus average
Hymenaea,courbaril,Fabaceae,0.792,species,local data base
Hymenandra,pittieri,Primulaceae,0.592,stand-level average,
Hymenolobium,mesoamericanum,Fabaceae,0.642,genus,genus average
Hyperbaena,tonduzii,Menispermaceae,0.592,stand-level average,
Ilex,guianensis,Aquifoliaceae,0.563,genus,genus average
Inga,ciliata,Fabaceae,0.578,genus,genus average
Inga,alba,Fabaceae,0.586,species,local data base
Inga,bella,Fabaceae,0.578,genus,genus average
Inga,capitata,Fabaceae,0.592,species,local data base
Inga,chocoensis,Fabaceae,0.578,genus,genus average
Inga,multijuga,Fabaceae,0.578,genus,genus average
Inga,dwyeri,Fabaceae,0.578,genus,genus average
Inga,edulis,Fabaceae,0.587,species, global data base
Inga,filiformis,Fabaceae,0.578,genus,genus average
Inga,goldmanii,Fabaceae,0.578,genus,genus average
Inga,jefensis,Fabaceae,0.578,genus,genus average
Inga,marginata,Fabaceae,0.552,species,local data base
Inga,mucuna,Fabaceae,0.578,genus,genus average
Inga,pauciflora,Fabaceae,0.578,genus,genus average
Inga,pezizifera,Fabaceae,0.607,species,local data base
Inga,polita,Fabaceae,0.578,genus,genus average
Inga,portobellensis,Fabaceae,0.578,genus,genus average
Inga,punctata,Fabaceae,0.56,species,local data base
Inga,ruiziana,Fabaceae,0.578,genus,genus average
Inga,sapindoides,Fabaceae,0.578,genus,genus average
Inga,sertulifera,Fabaceae,0.65,species,local data base
Inga,spectabilis,Fabaceae,0.578,genus,genus average
Inga,cocleensis,Fabaceae,0.578,genus,genus average
Inga,umbellifera,Fabaceae,0.724,species,local data base
Inga,urceolata,Fabaceae,0.578,genus,genus average
Inga,venusta,Fabaceae,0.578,genus,genus average
Inga,vera,Fabaceae,0.577,species,local data base
Inga,acuminata,Fabaceae,0.578,genus,genus average
Inga,laurina,Fabaceae,0.661,species,local data base
Inga,nobilis,Fabaceae,0.56,species,local data base
Inga,oerstediana,Fabaceae,0.425,species,local data base
Inga,thibaudiana,Fabaceae,0.578,genus,genus average
Inga,acrocephala,Fabaceae,0.513,species,local data base
Inga,leiocalycina,Fabaceae,0.56,species,local data base
Inga,sierrae,Fabaceae,0.578,genus,genus average
Inga,aff.stenophylla,Fabaceae,0.578,genus,genus average
Inga,mortoniana,Fabaceae,0.578,genus,genus average
Inga,unidentified,Fabaceae,0.578,genus,genus average
Iriartea,deltoidea,Arecaceae,0.267,species,local data base
Iryanthera,juruensis,Myristicaceae,0.633,species, global data base
Isertia,haenkeana,Rubiaceae,0.548,genus,genus average
Isertia,laevis,Rubiaceae,0.52,species, global data base
Ixora,floribunda,Rubiaceae,0.793,genus,genus average
Jacaranda,caucana,Bignoniaceae,0.473,genus,genus average
Jacaranda,copaia,Bignoniaceae,0.351,species,local data base
Jacaratia,spinosa,Caricaceae,0.265,genus,genus average
Jatropha,curcas,Euphorbiaceae,0.17,species, global data base
Jatropha,gossypiifolia,Euphorbiaceae,0.325,genus,genus average
Jatropha,integerrima,Euphorbiaceae,0.325,genus,genus average
Khaya,senegalensis,Meliaceae,0.626,species, global data base
Klarobelia,anomala,Annonaceae,0.592,stand-level average,
Koanophyllon,wetmorei,Compositae,0.592,stand-level average,
Lacistema,aggregatum,Lacistemataceae,0.506,species,local data base
Lacmellea,panamensis,Apocynaceae,0.472,species,local data base
Lacmellea,speciosa,Apocynaceae,0.513,genus,genus average
Ladenbergia,brenesii,Rubiaceae,0.49,genus,genus average
Ladenbergia,macrocarpa,Rubiaceae,0.49,genus,genus average
Laetia,procera,Salicaceae,0.648,species,local data base
Laetia,thamnia,Salicaceae,0.66,species,local data base
Lafoensia,punicifolia,Lythraceae,0.705,species,local data base
Lagerstroemia,speciosa,Lythraceae,0.595,species, global data base
Laguncularia,racemosa,Combretaceae,0.61,species, global data base
Lantana,camara,Verbenaceae,0.592,stand-level average,
Laxoplumeria,tessmannii,Apocynaceae,0.592,stand-level average,
Leandra,roja,Melastomataceae,0.592,stand-level average,
Leandra,dichotoma,Melastomataceae,0.592,stand-level average,
Leandra,granatensis,Melastomataceae,0.592,stand-level average,
Lecointea,amazonica,Fabaceae,0.893,species,local data base
Lecythis,ampla,Lecythidaceae,0.75,species,local data base
Lennea,viridiflora,Fabaceae,0.592,stand-level average,
Leonia,glycycarpa,Violaceae,0.6,species,local data base
Leptolobium,panamense,Fabaceae,0.592,stand-level average,
Libidibia,coriaria,Fabaceae,0.592,stand-level average,
Licania,affinis,Chrysobalanaceae,0.82,genus,genus average
Licania,arborea,Chrysobalanaceae,0.622,species,local data base
Licania,cruegeriana,Chrysobalanaceae,0.82,genus,genus average
Licania,fasciculata,Chrysobalanaceae,0.82,genus,genus average
Licania,hypoleuca,Chrysobalanaceae,0.909,species,local data base
Licania,morii,Chrysobalanaceae,0.82,genus,genus average
Licania,platypus,Chrysobalanaceae,0.62,species,local data base
Licania,coba,Chrysobalanaceae,0.82,genus,genus average
Licania,macrocarpa,Chrysobalanaceae,0.82,genus,genus average
Licania,kallunkiae,Chrysobalanaceae,0.82,genus,genus average
Licaria,guianensis,Lauraceae,0.748,species, global data base
Licaria,excelsa,Lauraceae,0.787,genus,genus average
Licaria,misantlae,Lauraceae,0.787,genus,genus average
Licaria,cannella,Lauraceae,0.939,species, global data base
Lindackeria,laurina,Achariaceae,0.56,genus,genus average
Lisianthius,jefensis,Gentianaceae,0.592,stand-level average,
Lonchocarpus,atropurpureus,Fabaceae,0.758,genus,genus average
Lonchocarpus,sericeus,Fabaceae,0.705,species, global data base
Lonchocarpus,velutinus,Fabaceae,0.75,species, global data base
Lonchocarpus,heptaphyllus,Fabaceae,0.687,species,local data base
Lonchocarpus,oliganthus,Fabaceae,0.758,genus,genus average
Lonchocarpus,ferrugineus,Fabaceae,0.758,genus,genus average
Lozania,pittieri,Lacistemataceae,0.592,stand-level average,
Luehea,seemannii,Malvaceae,0.417,species,local data base
Luehea,speciosa,Malvaceae,0.44,species,local data base
Lunania,mexicana,Salicaceae,0.58,species, global data base
Lunania,parviflora,Salicaceae,0.635,species,local data base
Lycianthes,maxonii,Solanaceae,0.44,genus,genus average
Mabea,occidentalis,Euphorbiaceae,0.608,genus,genus average
Machaerium,biovulatum,Fabaceae,0.732,genus,genus average
Maclura,tinctoria,Moraceae,0.794,species,local data base
Macoubea,mesoamericana,Apocynaceae,0.414,genus,genus average
Macrocnemum,roseum,Rubiaceae,0.45,species,local data base
Macrolobium,pittieri,Fabaceae,0.619,genus,genus average
Macrolobium,costaricense,Fabaceae,0.619,genus,genus average
Malmea,dimera,Annonaceae,0.39,genus,genus average
Malouetia,quadricasarum,Apocynaceae,0.527,genus,genus average
Malpighia,albiflora,Malpighiaceae,0.592,stand-level average,
Malpighia,romeroana,Malpighiaceae,0.592,stand-level average,
Mammea,immansueta,Calophyllaceae,0.779,genus,genus average
Mangifera,indica,Anacardiaceae,0.553,species,local data base
Manihot,esculenta,Euphorbiaceae,0.592,stand-level average,
Manilkara,bidentata,Sapotaceae,0.873,species,local data base
Manilkara,zapota,Sapotaceae,0.81,species,local data base
Manilkara,chicle,Sapotaceae,1.04,species, global data base
Maprounea,guianensis,Euphorbiaceae,0.588,species,local data base
Maquira,guianensis,Moraceae,0.766,species,local data base
Maranthes,panamensis,Chrysobalanaceae,0.83,genus,genus average
Margaritaria,nobilis,Phyllanthaceae,0.616,species,local data base
Marila,lactogena,Calophyllaceae,0.592,stand-level average,
Marila,laxiflora,Calophyllaceae,0.592,stand-level average,
Marila,pluricostata,Calophyllaceae,0.592,stand-level average,
Marila,domingensis,Calophyllaceae,0.592,stand-level average,
Matayba,apetala,Sapindaceae,0.771,genus,genus average
Matayba,glaberrima,Sapindaceae,0.771,genus,genus average
Matayba,scrobiculata,Sapindaceae,0.771,genus,genus average
Matisia,aff.idroboi,Malvaceae,0.535,genus,genus average
Matisia,bracteolosa,Malvaceae,0.535,genus,genus average
Matisia,jefensis,Malvaceae,0.535,genus,genus average
Matisia,obliquifolia,Malvaceae,0.535,genus,genus average
Matisia,sanblasensis,Malvaceae,0.535,genus,genus average
Matisia,exalata,Malvaceae,0.535,genus,genus average
Mayna,grandifolia,Achariaceae,0.592,stand-level average,
Mayna,odorata,Achariaceae,0.592,stand-level average,
Maytenus,schippii,Celastraceae,0.713,genus,genus average
Melicoccus,bijugatus,Sapindaceae,0.98,genus,genus average
Meliosma,glabrata,Sabiaceae,0.479,genus,genus average
Meliosma,grandiflora,Sabiaceae,0.479,genus,genus average
Meliosma,idiopoda,Sabiaceae,0.479,genus,genus average
Meliosma,occidentalis,Sabiaceae,0.479,genus,genus average
Meliosma,hoja_grande,Sabiaceae,0.479,genus,genus average
Meliosma,frondosa,Sabiaceae,0.479,genus,genus average
Miconia,affinis,Melastomataceae,0.634,genus,genus average
Miconia,argentea,Melastomataceae,0.589,species,local data base
Miconia,centronioides,Melastomataceae,0.634,genus,genus average
Miconia,centrosperma,Melastomataceae,0.634,genus,genus average
Miconia,chrysophylla,Melastomataceae,0.62,species, global data base
Miconia,dodecandra,Melastomataceae,0.634,genus,genus average
Miconia,elata,Melastomataceae,0.47,species,local data base
Miconia,hondurensis,Melastomataceae,0.634,genus,genus average
Miconia,impetiolaris,Melastomataceae,0.747,species,local data base
Miconia,lacera,Melastomataceae,0.634,genus,genus average
Miconia,ligulata,Melastomataceae,0.634,genus,genus average
Miconia,minutiflora,Melastomataceae,0.634,genus,genus average
Miconia,multispicata,Melastomataceae,0.634,genus,genus average
Miconia,nervosa,Melastomataceae,0.634,genus,genus average
Miconia,oinochrophylla,Melastomataceae,0.634,genus,genus average
Miconia,pileata,Melastomataceae,0.634,genus,genus average
Miconia,poeppigii,Melastomataceae,0.597,species,local data base
Miconia,prasina,Melastomataceae,0.699,species,local data base
Miconia,punctata,Melastomataceae,0.634,genus,genus average
Miconia,reducens,Melastomataceae,0.62,species,local data base
Miconia,rubiginosa,Melastomataceae,0.634,genus,genus average
Miconia,serrulata,Melastomataceae,0.634,genus,genus average
Miconia,simplex,Melastomataceae,0.634,genus,genus average
Miconia,stenostachya,Melastomataceae,0.634,genus,genus average
Miconia,trinervia,Melastomataceae,0.62,species,local data base
Miconia,dorsiloba,Melastomataceae,0.634,genus,genus average
Miconia,umbriensis,Melastomataceae,0.634,genus,genus average
Miconia,doniana,Melastomataceae,0.634,genus,genus average
Micropholis,guyanensis,Sapotaceae,0.657,species, global data base
Micropholis,melinoniana,Sapotaceae,0.53,species,local data base
Micropholis,venulosa,Sapotaceae,0.67,species,local data base
Mimosa,tenuiflora,Fabaceae,1.12,species, global data base
Mimusops,elengi,Sapotaceae,0.849,species, global data base
Minquartia,guianensis,Olacaceae,0.787,species,local data base
Mollinedia,viridiflora,Monimiaceae,0.592,stand-level average,
Morella,cerifera,Myricaceae,0.592,stand-level average,
Morinda,panamensis,Rubiaceae,0.49,species, global data base
Morinda,citrifolia,Rubiaceae,0.63,species, global data base
Mortoniodendron,anisophyllum,Malvaceae,0.51,genus,genus average
Mosannona,garwoodii,Annonaceae,0.592,stand-level average,
Mosquitoxylum,jamaicense,Anacardiaceae,0.592,stand-level average,
Mouriri,gleasoniana,Melastomataceae,0.84,genus,genus average
Mouriri,myrtilloides,Melastomataceae,0.84,genus,genus average
Mouriri,panamensis,Melastomataceae,0.84,genus,genus average
Mouriri,coba,Melastomataceae,0.84,genus,genus average
Mouriri,aff.exilis,Melastomataceae,0.84,genus,genus average
Mouriri,cf.completens,Melastomataceae,0.84,genus,genus average
Muntingia,calabura,Muntingiaceae,0.3,species, global data base
Myrcia,splendens,Myrtaceae,0.8,species, global data base
Myrcia,panamensis,Myrtaceae,0.816,genus,genus average
Myrcia,fosteri,Myrtaceae,0.816,genus,genus average
Myrcia,zetekiana,Myrtaceae,0.816,genus,genus average
Myrciaria,floribunda,Myrtaceae,0.785,species, global data base
Myriocarpa,longipes,Urticaceae,0.592,stand-level average,
Myrospermum,frutescens,Fabaceae,0.83,species,local data base
Myrsine,coriacea,Primulaceae,0.647,species, global data base
Naucleopsis,naga,Moraceae,0.651,genus,genus average
Naucleopsis,ulei,Moraceae,0.67,species,local data base
Naucleopsis,straminea,Moraceae,0.651,genus,genus average
Naucleopsis,capirensis,Moraceae,0.651,genus,genus average
Nectandra,bicolor,Lauraceae,0.562,genus,genus average
Nectandra,cissiflora,Lauraceae,0.59,species,local data base
Nectandra,cuspidata,Lauraceae,0.518,species,local data base
Nectandra,fuzzy,Lauraceae,0.562,genus,genus average
Nectandra,lineata,Lauraceae,0.562,genus,genus average
Neea,roja,Nyctaginaceae,0.64,genus,genus average
Neea,amplifolia,Nyctaginaceae,0.64,genus,genus average
Neea,delicatula,Nyctaginaceae,0.64,genus,genus average
Neea,laetevirens,Nyctaginaceae,0.64,genus,genus average
Ochoterenaea,colombiana,Anacardiaceae,0.592,stand-level average,
Ochroma,pyramidale,Malvaceae,0.158,species,local data base
Ocotea,arcuata,Lauraceae,0.542,genus,genus average
Ocotea,atirrensis,Lauraceae,0.48,species,local data base
Ocotea,cernua,Lauraceae,0.454,species,local data base
Ocotea,dendrodaphne,Lauraceae,0.53,species,local data base
Ocotea,endresiana,Lauraceae,0.542,genus,genus average
Ocotea,insularis,Lauraceae,0.542,genus,genus average
Ocotea,leucoxylon,Lauraceae,0.462,species,local data base
Ocotea,meziana,Lauraceae,0.39,species, global data base
Ocotea,oblonga,Lauraceae,0.386,species,local data base
Ocotea,rubrinervis,Lauraceae,0.542,genus,genus average
Ocotea,tonduzii,Lauraceae,0.542,genus,genus average
Ocotea,veraguensis,Lauraceae,0.735,species,local data base
Ocotea,puberula,Lauraceae,0.433,species,local data base
Ocotea,whitei,Lauraceae,0.542,genus,genus average
Ocotea,hartshorniana,Lauraceae,0.38,species, global data base
Ocotea,jorge-escobarii,Lauraceae,0.542,genus,genus average
Ocotea,helicterifolia,Lauraceae,0.542,genus,genus average
Oenocarpus,mapora,Arecaceae,0.713,species,local data base
Opuntia,elatior,Cactaceae,0.592,stand-level average,
Oreopanax,capitatus,Araliaceae,0.52,genus,genus average
Ormosia,amazonica,Fabaceae,0.579,genus,genus average
Ormosia,macrocalyx,Fabaceae,0.579,genus,genus average
Ormosia,coccinea,Fabaceae,0.625,species,local data base
Ormosia,velutina,Fabaceae,0.579,genus,genus average
Ossaea,spicata,Melastomataceae,0.592,stand-level average,
Osteophloeum,platyspermum,Myristicaceae,0.466,species,local data base
Otoba,acuminata,Myristicaceae,0.389,genus,genus average
Otoba,latialata,Myristicaceae,0.389,genus,genus average
Otoba,novogranatensis,Myristicaceae,0.35,species,local data base
Otoba,parvifolia,Myristicaceae,0.426,species,local data base
Ouratea,knappiae,Ochnaceae,0.743,genus,genus average
Ouratea,lucens,Ochnaceae,0.743,genus,genus average
Ouratea,prominens,Ochnaceae,0.743,genus,genus average
Ouratea,sulcatinervia,Ochnaceae,0.743,genus,genus average
Oxandra,longipetala,Annonaceae,0.737,genus,genus average
Oxandra,panamensis,Annonaceae,0.737,genus,genus average
Oxandra,venezuelana,Annonaceae,0.737,genus,genus average
Pachira,aquatica,Malvaceae,0.377,species,local data base
Pachira,sessilis,Malvaceae,0.42,species,local data base
Palicourea,allenii,Rubiaceae,0.55,genus,genus average
Palicourea,guianensis,Rubiaceae,0.54,species,local data base
Palicourea,triphylla,Rubiaceae,0.55,genus,genus average
Palicourea,crocea,Rubiaceae,0.56,species, global data base
Palicourea,umbelliformis,Rubiaceae,0.55,genus,genus average
Palicourea,hondensis,Rubiaceae,0.55,genus,genus average
Palicourea,acuminata,Rubiaceae,0.55,genus,genus average
Palicourea,brachiata,Rubiaceae,0.55,genus,genus average
Palicourea,capitata,Rubiaceae,0.55,genus,genus average
Palicourea,cyanococca,Rubiaceae,0.55,genus,genus average
Palicourea,deflexa,Rubiaceae,0.55,genus,genus average
Palicourea,elata,Rubiaceae,0.55,genus,genus average
Palicourea,glomerulata,Rubiaceae,0.55,genus,genus average
Palicourea,gracilenta,Rubiaceae,0.55,genus,genus average
Palicourea,hoffmannseggiana,Rubiaceae,0.55,genus,genus average
Palicourea,longicuspis,Rubiaceae,0.55,genus,genus average
Palicourea,luxurians,Rubiaceae,0.55,genus,genus average
Palicourea,tomentosa,Rubiaceae,0.55,genus,genus average
Palicourea,pubescens,Rubiaceae,0.55,genus,genus average
Palicourea,racemosa,Rubiaceae,0.55,genus,genus average
Palicourea,suerrensis,Rubiaceae,0.55,genus,genus average
Panopsis,suaveolens,Proteaceae,0.512,genus,genus average
Parathesis,amplifolia,Primulaceae,0.62,genus,genus average
Parinari,chocoensis,Chrysobalanaceae,0.713,genus,genus average
Parkia,nitida,Fabaceae,0.383,species,local data base
Parkinsonia,aculeata,Fabaceae,0.622,species, global data base
Parmentiera,cereifera,Bignoniaceae,0.592,stand-level average,
Parmentiera,macrophylla,Bignoniaceae,0.592,stand-level average,
Pavonia,dasypetala,Malvaceae,0.592,stand-level average,
Pelliciera,rhizophorae,Tetrameristaceae,0.592,stand-level average,
Pentagonia,gymnopoda,Rubiaceae,0.592,stand-level average,
Pentagonia,macrophylla,Rubiaceae,0.592,stand-level average,
Pentagonia,parvifolia,Rubiaceae,0.592,stand-level average,
Pentagonia,wendlandii,Rubiaceae,0.592,stand-level average,
Pentagonia,costaricensis,Rubiaceae,0.592,stand-level average,
Pera,arborea,Peraceae,0.73,species,local data base
Pera,oppositifolia,Peraceae,0.666,genus,genus average
Perebea,angustifolia,Moraceae,0.517,species,local data base
Perebea,guianensis,Moraceae,0.56,species,local data base
Perebea,xanthochyma,Moraceae,0.56,species,local data base
Pereskia,bleo,Cactaceae,0.592,stand-level average,
Persea,americana,Lauraceae,0.549,species, global data base
Photinia,microcarpa,Rosaceae,0.724,genus,genus average
Phyllanthus,acuminatus,Phyllanthaceae,0.613,genus,genus average
Phytelephas,seemannii,Arecaceae,0.592,stand-level average,
Picramnia,latifolia,Picramniaceae,0.592,stand-level average,
Pinus,caribaea,Pinaceae,0.571,species, global data base
Piper,hispidum,Piperaceae,0.393,species,local data base
Piper,aduncum,Piperaceae,0.393,genus,genus average
Piper,aequale,Piperaceae,0.393,genus,genus average
Piper,amalago,Piperaceae,0.393,genus,genus average
Piper,arboreum,Piperaceae,0.393,genus,genus average
Piper,augustum,Piperaceae,0.393,genus,genus average
Piper,auritum,Piperaceae,0.393,genus,genus average
Piper,cordulatum,Piperaceae,0.393,genus,genus average
Piper,fimbriulatum,Piperaceae,0.393,genus,genus average
Piper,grande,Piperaceae,0.393,genus,genus average
Piper,hirtellipetiolum,Piperaceae,0.393,genus,genus average
Piper,longispicum,Piperaceae,0.393,genus,genus average
Piper,marginatum,Piperaceae,0.393,genus,genus average
Piper,perlasense,Piperaceae,0.393,genus,genus average
Piper,phytolaccifolium,Piperaceae,0.393,genus,genus average
Piper,reticulatum,Piperaceae,0.33,species,local data base
Piper,colonense,Piperaceae,0.393,genus,genus average
Piper,schiedeanum,Piperaceae,0.393,genus,genus average
Piper,imperiale,Piperaceae,0.393,genus,genus average
Piptocoma,discolor,Compositae,0.47,species, global data base
Pithecellobium,hymenaeifolium,Fabaceae,0.502,genus,genus average
Pithecellobium,lanceolatum,Fabaceae,0.502,genus,genus average
Pithecellobium,unguis-cati,Fabaceae,0.502,genus,genus average
Pittoniotis,trichantha,Rubiaceae,0.592,stand-level average,
Platymiscium,pinnatum,Fabaceae,0.721,species,local data base
Platypodium,elegans,Fabaceae,0.806,species,local data base
Pleuranthodendron,lindenii,Salicaceae,0.68,species,local data base
Pleurothyrium,aff.hexaglandulosum,Lauraceae,0.47,genus,genus average
Pleurothyrium,racemosum,Lauraceae,0.47,genus,genus average
Plinia,povedae,Myrtaceae,0.95,genus,genus average
Plumeria,rubra,Apocynaceae,0.5,species, global data base
Pochota,quinata,Malvaceae,0.592,stand-level average,
Podocarpus,guatemalensis,Podocarpaceae,0.4,species, global data base
Podocarpus,oleifolius,Podocarpaceae,0.453,species,local data base
Pogonopus,exsertus,Rubiaceae,0.592,stand-level average,
Pombalia,prunifolia,NA,0.592,stand-level average,
Posoqueria,latifolia,Rubiaceae,0.57,species,local data base
Posoqueria,coriacea,Rubiaceae,0.575,genus,genus average
Potalia,turbinata,Gentianaceae,0.592,stand-level average,
Poulsenia,armata,Moraceae,0.35,species,local data base
Pourouma,bicolor,Urticaceae,0.353,species,local data base
Pourouma,minor,Urticaceae,0.436,species,local data base
Pouteria,glomerata,Sapotaceae,0.679,species,local data base
Pouteria,buenaventurensis,Sapotaceae,0.56,species,local data base
Pouteria,bulliformis,Sapotaceae,0.688,genus,genus average
Pouteria,calistophylla,Sapotaceae,0.688,genus,genus average
Pouteria,campechiana,Sapotaceae,0.79,species,local data base
Pouteria,cuspidata,Sapotaceae,0.9,species,local data base
Pouteria,fossicola,Sapotaceae,0.688,genus,genus average
Pouteria,foveolata,Sapotaceae,0.688,genus,genus average
Pouteria,leptopedicellata,Sapotaceae,0.688,genus,genus average
Pouteria,aff.sclerocarpa,Sapotaceae,0.688,genus,genus average
Pouteria,stipitata,Sapotaceae,0.688,genus,genus average
Pouteria,torta,Sapotaceae,0.769,species,local data base
Pouteria,reticulata,Sapotaceae,0.794,species,local data base
Pouteria,congestifolia,Sapotaceae,0.688,genus,genus average
Pouteria,durlandii,Sapotaceae,0.69,species,local data base
Pouteria,silvestris,Sapotaceae,0.688,genus,genus average
Pouteria,sapota,Sapotaceae,0.855,species, global data base
Preslianthus,panamensis,NA,0.592,stand-level average,
Preslianthus,pittieri,NA,0.592,stand-level average,
Prestoea,decurrens,Arecaceae,0.25,species,local data base
Prioria,copaifera,Fabaceae,0.414,species,local data base
Prockia,crucis,Salicaceae,0.58,species,local data base
Prosopis,juliflora,Fabaceae,0.794,species, global data base
Protium,tenuifolium,Burseraceae,0.57,species,local data base
Protium,aff.guianense,Burseraceae,0.568,genus,genus average
Protium,costaricense,Burseraceae,0.568,genus,genus average
Protium,glabrum,Burseraceae,0.568,genus,genus average
Protium,panamense,Burseraceae,0.452,species,local data base
Protium,trifoliolatum,Burseraceae,0.685,species,local data base
Protium,confusum,Burseraceae,0.568,genus,genus average
Pseudima,frutescens,Sapindaceae,0.8,species, global data base
Pseudobombax,septenatum,Malvaceae,0.212,species,local data base
Pseudolmedia,spuria,Moraceae,0.713,species,local data base
Pseudolmedia,laevigata,Moraceae,0.629,species,local data base
Pseudosamanea,guachapele,Fabaceae,0.592,stand-level average,
Psidium,friedrichsthalianum,Myrtaceae,0.855,genus,genus average
Psidium,guajava,Myrtaceae,0.652,species, global data base
Psychotria,calophylla,Rubiaceae,0.496,genus,genus average
Psychotria,chagrensis,Rubiaceae,0.496,genus,genus average
Psychotria,graciliflora,Rubiaceae,0.496,genus,genus average
Psychotria,grandis,Rubiaceae,0.295,species,local data base
Psychotria,horizontalis,Rubiaceae,0.496,genus,genus average
Psychotria,limonensis,Rubiaceae,0.496,genus,genus average
Psychotria,marginata,Rubiaceae,0.496,genus,genus average
Psychotria,micrantha,Rubiaceae,0.496,genus,genus average
Psychotria,nervosa,Rubiaceae,0.496,genus,genus average
Psychotria,panamensis,Rubiaceae,0.496,genus,genus average
Psychotria,psychotriifolia,Rubiaceae,0.496,genus,genus average
Psychotria,remota,Rubiaceae,0.496,genus,genus average
Psychotria,tenuifolia,Rubiaceae,0.496,genus,genus average
Pterocarpus,acapulcensis,Fabaceae,0.627,genus,genus average
Pterocarpus,officinalis,Fabaceae,0.383,species,local data base
Pterocarpus,hayesii,Fabaceae,0.627,genus,genus average
Quadrella,cynophallophora,Capparaceae,0.592,stand-level average,
Quadrella,antonensis,Capparaceae,0.592,stand-level average,
Quadrella,indica,Capparaceae,0.592,stand-level average,
Qualea,polychroma,Vochysiaceae,0.647,genus,genus average
Quararibea,asterolepis,Malvaceae,0.454,species,local data base
Quararibea,platyphylla,Malvaceae,0.488,genus,genus average
Quararibea,pumila,Malvaceae,0.488,genus,genus average
Quararibea,pterocalyx,Malvaceae,0.488,genus,genus average
Quassia,amara,Simaroubaceae,0.47,species,local data base
Quetzalia,occidentalis,Celastraceae,0.592,stand-level average,
Quiina,schippii,Ochnaceae,0.862,genus,genus average
Randia,campo_chagres,Rubiaceae,0.671,genus,genus average
Randia,aculeata,Rubiaceae,0.671,genus,genus average
Randia,armata,Rubiaceae,0.668,species,local data base
Randia,grandifolia,Rubiaceae,0.671,genus,genus average
Randia,lasiantha,Rubiaceae,0.671,genus,genus average
Randia,hondensis,Rubiaceae,0.671,genus,genus average
Raphia,taedigera,Arecaceae,0.592,stand-level average,
Raritebe,palicoureoides,Rubiaceae,0.592,stand-level average,
Rauvolfia,littoralis,Apocynaceae,0.486,genus,genus average
Rauvolfia,purpurascens,Apocynaceae,0.476,species, global data base
Rhizophora,mangle,Rhizophoraceae,0.898,species, global data base
Richeria,grandis,Phyllanthaceae,0.577,species, global data base
Ricinus,communis,Euphorbiaceae,0.592,stand-level average,
Rinorea,apiculata,Violaceae,0.681,genus,genus average
Rinorea,crenata,Violaceae,0.681,genus,genus average
Rinorea,dasyadena,Violaceae,0.681,genus,genus average
Rinorea,lindeniana,Violaceae,0.681,genus,genus average
Rinorea,squamata,Violaceae,0.681,genus,genus average
Rinorea,sylvatica,Violaceae,0.681,genus,genus average
Rinorea,hummelii,Violaceae,0.681,genus,genus average
Rogiera,amoena,Rubiaceae,0.592,stand-level average,
Ronabea,latifolia,Rubiaceae,0.592,stand-level average,
Rondeletia,hameliifolia,Rubiaceae,0.5,genus,genus average
Rondeletia,panamensis,Rubiaceae,0.5,genus,genus average
Rosenbergiodendron,formosum,Rubiaceae,0.592,stand-level average,
Roupala,montana,Proteaceae,0.783,species,local data base
Roupala,percoriacea,Proteaceae,0.837,genus,genus average
Roystonea,regia,Arecaceae,0.592,stand-level average,
Rudgea,cornifolia,Rubiaceae,0.57,genus,genus average
Rudgea,isthmensis,Rubiaceae,0.57,genus,genus average
Rudgea,pittieri,Rubiaceae,0.57,genus,genus average
Rudgea,skutchii,Rubiaceae,0.57,genus,genus average
Ruprechtia,costata,Polygonaceae,0.653,genus,genus average
Ruptiliocarpon,caracolito,Lepidobotryaceae,0.592,stand-level average,
Ryania,speciosa,Salicaceae,0.592,stand-level average,
Sacoglottis,ovicarpa,Humiriaceae,0.775,genus,genus average
Sacoglottis,trichogyna,Humiriaceae,0.775,genus,genus average
Salacia,juruana,Celastraceae,0.76,genus,genus average
Salacia,petenensis,Celastraceae,0.76,genus,genus average
Samanea,saman,Fabaceae,0.592,stand-level average,
Sapindus,saponaria,Sapindaceae,0.712,species,local data base
Sapium,broadleaf,Euphorbiaceae,0.419,genus,genus average
Sapium,glandulosum,Euphorbiaceae,0.415,species,local data base
Sapium,laurifolium,Euphorbiaceae,0.419,genus,genus average
Sarcaulus,brasiliensis,Sapotaceae,0.615,species,local data base
Saurauia,yasicae,Actinidiaceae,0.411,genus,genus average
Schefflera,morototoni,Araliaceae,0.456,species,local data base
Schizolobium,parahyba,Fabaceae,0.347,species,local data base
Schoenobiblus,panamensis,Thymelaeaceae,0.592,stand-level average,
Sciadodendron,excelsum,Araliaceae,0.53,species,local data base
Senegalia,riparia,Fabaceae,0.592,stand-level average,
Senna,bicapsularis,Fabaceae,0.603,genus,genus average
Senna,reticulata,Fabaceae,0.45,species, global data base
Senna,dariensis,Fabaceae,0.603,genus,genus average
Sideroxylon,capiri,Sapotaceae,0.76,species, global data base
Sideroxylon,celastrinum,Sapotaceae,0.849,genus,genus average
Sideroxylon,persimile,Sapotaceae,0.849,genus,genus average
Sideroxylon,cf.contrerasii,Sapotaceae,0.849,genus,genus average
Simaba,cedron,Simaroubaceae,0.474,species, global data base
Simaba,polyphylla,Simaroubaceae,0.41,genus,genus average
Simarouba,amara,Simaroubaceae,0.383,species,local data base
Simira,maxonii,Rubiaceae,0.615,species, global data base
Siparuna,conica,Siparunaceae,0.662,genus,genus average
Siparuna,cuspidata,Siparunaceae,0.655,species,local data base
Siparuna,grandiflora,Siparunaceae,0.662,genus,genus average
Siparuna,guianensis,Siparunaceae,0.662,genus,genus average
Siparuna,pauciflora,Siparunaceae,0.662,genus,genus average
Siparuna,thecaphora,Siparunaceae,0.662,genus,genus average
Siparuna,cristata,Siparunaceae,0.662,genus,genus average
Sloanea,laurifolia,Elaeocarpaceae,0.816,species,local data base
Sloanea,megaphylla,Elaeocarpaceae,0.609,genus,genus average
Sloanea,meianthera,Elaeocarpaceae,0.609,genus,genus average
Sloanea,zuliaensis,Elaeocarpaceae,0.609,genus,genus average
Sloanea,terniflora,Elaeocarpaceae,0.609,genus,genus average
Sloanea,medusula,Elaeocarpaceae,0.609,genus,genus average
Sloanea,obtusifolia,Elaeocarpaceae,0.609,genus,genus average
Socratea,exorrhiza,Arecaceae,0.23,species,local data base
Solanum,enves_purpura,Solanaceae,0.412,genus,genus average
Solanum,arboreum,Solanaceae,0.412,genus,genus average
Solanum,asperum,Solanaceae,0.412,genus,genus average
Solanum,hayesii,Solanaceae,0.412,genus,genus average
Solanum,jamaicense,Solanaceae,0.412,genus,genus average
Solanum,circinatum,Solanaceae,0.412,genus,genus average
Solanum,cordovense,Solanaceae,0.412,genus,genus average
Solanum,lepidotum,Solanaceae,0.412,genus,genus average
Sorocea,pubivena,Moraceae,0.605,genus,genus average
Sorocea,affinis,Moraceae,0.605,genus,genus average
Spachea,correae,Malpighiaceae,0.595,genus,genus average
Spachea,membranacea,Malpighiaceae,0.595,genus,genus average
Spathodea,campanulata,Bignoniaceae,0.351,species, global data base
Spondias,dulcis,Anacardiaceae,0.37,species,local data base
Spondias,mombin,Anacardiaceae,0.391,species,local data base
Spondias,purpurea,Anacardiaceae,0.33,species, global data base
Spondias,radlkoferi,Anacardiaceae,0.434,species,local data base
Stachyarrhena,heterochroa,Rubiaceae,0.82,genus,genus average
Stauranthus,perforatus,Rutaceae,0.592,stand-level average,
Stemmadenia,alfaroi,Apocynaceae,0.5,genus,genus average
Sterculia,costaricana,Malvaceae,0.405,genus,genus average
Sterculia,apetala,Malvaceae,0.392,species,local data base
Sterculia,recordiana,Malvaceae,0.49,species,local data base
Stylogyne,turbacensis,Primulaceae,0.483,genus,genus average
Swartzia,simplex,Fabaceae,0.849,genus,genus average
Swartzia,aff.sumorum,Fabaceae,0.849,genus,genus average
Swietenia,macrophylla,Meliaceae,0.52,species,local data base
Symphonia,globulifera,Clusiaceae,0.6,species,local data base
Symplocos,panamensis,Symplocaceae,0.534,genus,genus average
Synechanthus,warscewiczianus,Arecaceae,0.592,stand-level average,
Syzygium,jambos,Myrtaceae,0.7,species, global data base
Syzygium,malaccense,Myrtaceae,0.562,species, global data base
Tabebuia,rosea,Bignoniaceae,0.531,species,local data base
Tabebuia,striata,Bignoniaceae,0.762,genus,genus average
Tabernaemontana,arborea,Apocynaceae,0.526,genus,genus average
Tabernaemontana,longipes,Apocynaceae,0.526,genus,genus average
Tabernaemontana,panamensis,Apocynaceae,0.526,genus,genus average
Tabernaemontana,undulata,Apocynaceae,0.585,species,local data base
Tabernaemontana,grandiflora,Apocynaceae,0.526,genus,genus average
Tachigali,panamensis,Fabaceae,0.577,genus,genus average
Tachigali,costaricensis,Fabaceae,0.577,genus,genus average
Talauma,gloriensis,Magnoliaceae,0.592,stand-level average,
Talauma,sambuensis,Magnoliaceae,0.592,stand-level average,
Talipariti,tiliaceum,Malvaceae,0.543,species, global data base
Talisia,nervosa,Sapindaceae,0.833,genus,genus average
Talisia,croatii,Sapindaceae,0.833,genus,genus average
Tamarindus,indica,Fabaceae,0.978,species, global data base
Tapirira,guianensis,Anacardiaceae,0.457,species,local data base
Tapura,cubensis,Dichapetalaceae,0.64,genus,genus average
Tecoma,stans,Bignoniaceae,0.466,species, global data base
Tectona,grandis,Lamiaceae,0.601,species, global data base
Terminalia,amazonia,Combretaceae,0.674,species,local data base
Terminalia,catappa,Combretaceae,0.478,species, global data base
Terminalia,oblonga,Combretaceae,0.694,species,local data base
Terminalia,bucidoides,Combretaceae,0.63,genus,genus average
Terminalia,buceras,Combretaceae,0.63,genus,genus average
Ternstroemia,tepezapote,Pentaphylacaceae,0.616,genus,genus average
Tetragastris,panamensis,Burseraceae,0.717,species,local data base
Tetrathylacium,johansenii,Salicaceae,0.62,genus,genus average
Tetrathylacium,macrophyllum,Salicaceae,0.62,species,local data base
Tetrorchidium,euryphyllum,Euphorbiaceae,0.455,genus,genus average
Tetrorchidium,robledoanum,Euphorbiaceae,0.455,genus,genus average
Theobroma,bernoullii,Malvaceae,0.532,genus,genus average
Theobroma,cacao,Malvaceae,0.42,species,local data base
Theobroma,simiarum,Malvaceae,0.532,genus,genus average
Theobroma,speciosum,Malvaceae,0.63,species,local data base
Theobroma,bicolor,Malvaceae,0.532,genus,genus average
Thevetia,ahouai,Apocynaceae,0.72,genus,genus average
Tococa,guianensis,Melastomataceae,0.592,stand-level average,
Tocoyena,pittieri,Rubiaceae,0.62,genus,genus average
Tovomita,longifolia,Clusiaceae,0.695,genus,genus average
Tovomita,stylosa,Clusiaceae,0.695,genus,genus average
Tovomita,weddelliana,Clusiaceae,0.695,genus,genus average
Trattinnickia,aspera,Burseraceae,0.424,species,local data base
Trattinnickia,burserifolia,Burseraceae,0.46,species,local data base
Trema,micrantha,Cannabaceae,0.319,species,local data base
Trema,integerrima,Cannabaceae,0.3,species, global data base
Trema,unidentified,Cannabaceae,0.342,genus,genus average
Trichanthera,gigantea,Acanthaceae,0.45,species,local data base
Trichilia,hirta,Meliaceae,0.569,species,local data base
Trichilia,martiana,Meliaceae,0.47,species,local data base
Trichilia,pleeana,Meliaceae,0.675,species,local data base
Trichilia,poeppigii,Meliaceae,0.645,genus,genus average
Trichilia,quadrijuga,Meliaceae,0.548,species,local data base
Trichilia,septentrionalis,Meliaceae,0.645,genus,genus average
Trichilia,trifolia,Meliaceae,0.8,species, global data base
Trichilia,pallida,Meliaceae,0.7,species,local data base
Trichilia,tuberculata,Meliaceae,0.628,species,local data base
Trichospermum,galeottii,Malvaceae,0.27,species,local data base
Triplaris,cumingiana,Polygonaceae,0.52,species,local data base
Triumfetta,bogotensis,Malvaceae,0.592,stand-level average,
Trophis,racemosa,Moraceae,0.659,species,local data base
Trophis,caucana,Moraceae,0.47,species,local data base
Turnera,panamensis,Passifloraceae,0.592,stand-level average,
Turpinia,occidentalis,Staphyleaceae,0.342,species,local data base
Unidentified,pubescente,NA,0.592,stand-level average,
Unidentified,species,NA,0.592,stand-level average,
Unonopsis,panamensis,Annonaceae,0.534,genus,genus average
Unonopsis,pittieri,Annonaceae,0.368,species,local data base
Unonopsis,theobromifolia,Annonaceae,0.534,genus,genus average
Unonopsis,aff.veneficiorum,Annonaceae,0.534,genus,genus average
Unonopsis,peludo,Annonaceae,0.534,genus,genus average
Unonopsis,bullata,Annonaceae,0.534,genus,genus average
Unonopsis,storkii,Annonaceae,0.534,genus,genus average
Urera,baccifera,Urticaceae,0.22,species,local data base
Urera,caracasana,Urticaceae,0.316,species, global data base
Urera,laciniata,Urticaceae,0.342,genus,genus average
Vachellia,melanoceras,Fabaceae,0.592,stand-level average,
Vachellia,collinsii,Fabaceae,0.592,stand-level average,
Vantanea,depleta,Humiriaceae,0.837,genus,genus average
Varronia,curassavica,Boraginaceae,0.592,stand-level average,
Vasconcellea,cauliflora,Caricaceae,0.592,stand-level average,
Vatairea,erythrocarpa,Fabaceae,0.673,genus,genus average
Verbesina,gigantea,Compositae,0.592,stand-level average,
Verbesina,lanata,Compositae,0.592,stand-level average,
Vernonia,patens,Compositae,0.33,genus,genus average
Virola,elongata,Myristicaceae,0.523,species,local data base
Virola,koschnyi,Myristicaceae,0.408,species,local data base
Virola,macrocarpa,Myristicaceae,0.484,genus,genus average
Virola,megacarpa,Myristicaceae,0.484,genus,genus average
Virola,sebifera,Myristicaceae,0.445,species,local data base
Virola,multiflora,Myristicaceae,0.458,species,local data base
Virola,guatemalensis,Myristicaceae,0.52,species, global data base
Virola,nobilis,Myristicaceae,0.484,genus,genus average
Vismia,baccifera,Hypericaceae,0.43,species,local data base
Vismia,billbergiana,Hypericaceae,0.493,genus,genus average
Vismia,jefensis,Hypericaceae,0.493,genus,genus average
Vismia,macrophylla,Hypericaceae,0.494,species,local data base
Vitex,cooperi,Lamiaceae,0.565,genus,genus average
Vitex,cymosa,Lamiaceae,0.563,species,local data base
Vochysia,ferruginea,Vochysiaceae,0.41,species,local data base
Vochysia,jefensis,Vochysiaceae,0.486,genus,genus average
Vochysia,guatemalensis,Vochysiaceae,0.353,species,local data base
Waltheria,glomerata,Malvaceae,0.592,stand-level average,
Warszewiczia,coccinea,Rubiaceae,0.557,species,local data base
Welfia,regia,Arecaceae,0.4,species,local data base
Wettinia,quinaria,Arecaceae,0.592,stand-level average,
Witheringia,solanacea,Solanaceae,0.592,stand-level average,
Ximenia,americana,Olacaceae,0.856,species,local data base
Xylopia,aromatica,Annonaceae,0.561,species,local data base
Xylopia,bocatorena,Annonaceae,0.591,genus,genus average
Xylopia,frutescens,Annonaceae,0.593,species,local data base
Xylopia,macrantha,Annonaceae,0.874,species,local data base
Xylopia,sericea,Annonaceae,0.591,genus,genus average
Xylopia,roubik,Annonaceae,0.591,genus,genus average
Xylosma,chlorantha,Salicaceae,0.661,genus,genus average
Xylosma,oligandra,Salicaceae,0.661,genus,genus average
Xylosma,panamensis,Salicaceae,0.661,genus,genus average
Zamia,fairchildiana,Zamiaceae,0.592,stand-level average,
Zanthoxylum,acuminatum,Rutaceae,0.618,genus,genus average
Zanthoxylum,panamense,Rutaceae,0.49,species,local data base
Zanthoxylum,setulosum,Rutaceae,0.469,species,local data base
Zanthoxylum,ekmanii,Rutaceae,0.618,genus,genus average
Ziziphus,chloroxylon,Rhamnaceae,0.778,genus,genus average
Ziziphus,mauritiana,Rhamnaceae,0.618,species, global data base
Zuelania,guidonia,Salicaceae,0.583,species,local data base
Zygia,dinizii,Fabaceae,0.82,genus,genus average
Zygia,englesingii,Fabaceae,0.82,genus,genus average
Zygia,latifolia,Fabaceae,0.75,species, global data base
Zygia,longifolia,Fabaceae,0.71,species, global data base
